ID	Accession	Assay name	Assay title	Target	Target of assay	Target gene symbol	Biosample summary	Biosample term name	Dbxrefs	Description	Lab	Project	Status	Files	Related series	Biosample accession	Biological replicate	Technical replicate	Linked antibody	Organism	Life stage	Biosample age	Biosample treatment	Biosample treatment ontology ID	Biosample treatment amount	Biosample treatment amount units	Biosample treatment duration	Biosample treatment duration units	Synchronization	Post-synchronization time	Post-synchronization time units	Biosample modification site target organism	Biosample modification site introduced gene organism	Replicates	Mixed biosamples	Cellular component	Library construction platform	Library construction method
/experiments/ENCSR926TFY/	ENCSR926TFY	ATAC-seq	ATAC-seq				Homo sapiens dendritic cell treated with 100 ng/mL lipopolysaccharide for 4 hours	dendritic cell	GEO:GSE94220	ATAC-seq	Manuel Garber, UMass	GGR	released	/files/ENCFF609KWV/,/files/ENCFF293HLB/,/files/ENCFF958OAB/,/files/ENCFF368UYH/,/files/ENCFF425WCH/,/files/ENCFF501ILI/,/files/ENCFF289FDH/,/files/ENCFF764ATR/,/files/ENCFF115TFH/,/files/ENCFF671GEV/,/files/ENCFF793KHA/		ENCBS303XVD	1	1		Homo sapiens	unknown		lipopolysaccharide	CHEBI:16412	100	ng/mL	4	hour						/replicates/ee1d1dff-1ce6-42f1-a689-a5ad10511aae/				
/experiments/ENCSR589ROM/	ENCSR589ROM	ATAC-seq	ATAC-seq				Homo sapiens dendritic cell treated with 100 ng/mL lipopolysaccharide for 4 hours	dendritic cell	GEO:GSE94198	ATAC-seq	Manuel Garber, UMass	GGR	released	/files/ENCFF809QSA/,/files/ENCFF920RAF/,/files/ENCFF993WII/,/files/ENCFF798BKS/,/files/ENCFF033XTY/,/files/ENCFF628GXL/,/files/ENCFF793JDF/,/files/ENCFF189RJB/,/files/ENCFF236VKP/,/files/ENCFF972MSC/,/files/ENCFF629GGO/		ENCBS670ABO	1	1		Homo sapiens	unknown		lipopolysaccharide	CHEBI:16412	100	ng/mL	4	hour						/replicates/b37d9394-40d0-4a09-bd67-5df7fad524b9/				
/experiments/ENCSR290AUK/	ENCSR290AUK	ATAC-seq	ATAC-seq				Homo sapiens dendritic cell treated with 100 ng/mL lipopolysaccharide for 4 hours	dendritic cell	GEO:GSE94178	ATAC-seq	Manuel Garber, UMass	GGR	released	/files/ENCFF351SMA/,/files/ENCFF748DPF/,/files/ENCFF770TPH/,/files/ENCFF814NRK/,/files/ENCFF882EAV/,/files/ENCFF981FWB/,/files/ENCFF030HCL/,/files/ENCFF383PLM/,/files/ENCFF234PNP/,/files/ENCFF450MZL/,/files/ENCFF223CMS/		ENCBS289TMG	1	1		Homo sapiens	unknown		lipopolysaccharide	CHEBI:16412	100	ng/mL	4	hour						/replicates/fdbdda5b-4881-4aee-847d-382017f9e16c/				
/experiments/ENCSR535NOD/	ENCSR535NOD	ATAC-seq	ATAC-seq				Homo sapiens dendritic cell treated with 100 ng/mL lipopolysaccharide for 2 hours	dendritic cell	GEO:GSE94193	ATAC-seq	Manuel Garber, UMass	GGR	released	/files/ENCFF409BRJ/,/files/ENCFF636ZQV/,/files/ENCFF737QFC/,/files/ENCFF740HBT/,/files/ENCFF086PSD/,/files/ENCFF665GNM/,/files/ENCFF430CWP/,/files/ENCFF558MPS/,/files/ENCFF021SLY/,/files/ENCFF085QQE/,/files/ENCFF502ICB/		ENCBS091OOD	1	1		Homo sapiens	unknown		lipopolysaccharide	CHEBI:16412	100	ng/mL	2	hour						/replicates/38b106f5-8827-45f1-9fe8-7b9940fca166/				
/experiments/ENCSR204FCV/	ENCSR204FCV	ATAC-seq	ATAC-seq				Homo sapiens dendritic cell treated with lipopolysaccharide	dendritic cell	GEO:GSE94173	ATAC-seq	Manuel Garber, UMass	GGR	released	/files/ENCFF915LFI/,/files/ENCFF760BUN/,/files/ENCFF221FQG/,/files/ENCFF847LFX/,/files/ENCFF270TJX/,/files/ENCFF405OVD/,/files/ENCFF646UBR/,/files/ENCFF406CMK/,/files/ENCFF611STO/,/files/ENCFF388PAR/,/files/ENCFF393YLU/		ENCBS903EGN	1	1		Homo sapiens	unknown		lipopolysaccharide	CHEBI:16412	0	ng/mL	0	hour						/replicates/cff61f10-1b38-4528-b488-b2cb804a45fc/				
/experiments/ENCSR131CHJ/	ENCSR131CHJ	ATAC-seq	ATAC-seq				Homo sapiens dendritic cell treated with 100 ng/mL lipopolysaccharide for 2 hours	dendritic cell	GEO:GSE94168	ATAC-seq	Manuel Garber, UMass	GGR	released	/files/ENCFF173INV/,/files/ENCFF322IZC/,/files/ENCFF368ERS/,/files/ENCFF951EUU/,/files/ENCFF102HME/,/files/ENCFF203AXU/,/files/ENCFF500UNC/,/files/ENCFF902JJG/,/files/ENCFF015RYV/,/files/ENCFF583FYE/,/files/ENCFF827NNA/		ENCBS647HIX	1	1		Homo sapiens	unknown		lipopolysaccharide	CHEBI:16412	100	ng/mL	2	hour						/replicates/50bbee26-8ddb-4d53-b80e-aec0e6da044c/				
/experiments/ENCSR459AYS/	ENCSR459AYS	ATAC-seq	ATAC-seq				Homo sapiens dendritic cell treated with 100 ng/mL lipopolysaccharide for 2 hours	dendritic cell	GEO:GSE94187	ATAC-seq	Manuel Garber, UMass	GGR	released	/files/ENCFF482SEV/,/files/ENCFF777VDM/,/files/ENCFF913ZTL/,/files/ENCFF290XFJ/,/files/ENCFF745TBV/,/files/ENCFF876MQO/,/files/ENCFF382JJS/,/files/ENCFF239YYE/,/files/ENCFF931JYZ/,/files/ENCFF640USO/,/files/ENCFF799TBD/		ENCBS549OUK	1	1		Homo sapiens	unknown		lipopolysaccharide	CHEBI:16412	100	ng/mL	2	hour						/replicates/953c2b7a-7b0c-4387-a1ef-e93fe452c560/				
/experiments/ENCSR544YXV/	ENCSR544YXV	ATAC-seq	ATAC-seq				Homo sapiens dendritic cell treated with 100 ng/mL lipopolysaccharide for 1 hour	dendritic cell	GEO:GSE94195	ATAC-seq	Manuel Garber, UMass	GGR	released	/files/ENCFF816JYL/,/files/ENCFF501KGG/,/files/ENCFF682YDM/,/files/ENCFF664QQA/,/files/ENCFF062MCO/,/files/ENCFF471HCP/,/files/ENCFF566ZXL/,/files/ENCFF133KWF/,/files/ENCFF980YFL/,/files/ENCFF371BNX/,/files/ENCFF769NLM/		ENCBS307KOL	1	1		Homo sapiens	unknown		lipopolysaccharide	CHEBI:16412	100	ng/mL	1	hour						/replicates/42691cb9-c2d4-4810-842b-63110f66e29c/				
/experiments/ENCSR940QJU/	ENCSR940QJU	ATAC-seq	ATAC-seq				Homo sapiens dendritic cell treated with lipopolysaccharide	dendritic cell	GEO:GSE94222	ATAC-seq	Manuel Garber, UMass	GGR	released	/files/ENCFF688ONY/,/files/ENCFF195YXP/,/files/ENCFF249AGS/,/files/ENCFF134INA/,/files/ENCFF555CWF/,/files/ENCFF151QAO/,/files/ENCFF182JAP/,/files/ENCFF603GDG/,/files/ENCFF858YWY/,/files/ENCFF880YOS/,/files/ENCFF746HMB/		ENCBS398DZA	1	1		Homo sapiens	unknown		lipopolysaccharide	CHEBI:16412	0	ng/mL	0	hour						/replicates/43a13ebc-eb0d-4036-9f48-c42356b61752/				
/experiments/ENCSR679NRJ/	ENCSR679NRJ	ATAC-seq	ATAC-seq				Homo sapiens dendritic cell treated with 100 ng/mL lipopolysaccharide for 1 hour	dendritic cell	GEO:GSE94206	ATAC-seq	Manuel Garber, UMass	GGR	released	/files/ENCFF171VCW/,/files/ENCFF754HLI/,/files/ENCFF202NTV/,/files/ENCFF389ATH/,/files/ENCFF295ISW/,/files/ENCFF038RAY/,/files/ENCFF439WNC/,/files/ENCFF985WZA/,/files/ENCFF849AUN/,/files/ENCFF551GOM/,/files/ENCFF447TQC/		ENCBS874KRV	1	1		Homo sapiens	unknown		lipopolysaccharide	CHEBI:16412	100	ng/mL	1	hour						/replicates/3667375c-d5fa-4352-a156-8280d60a0c91/				
/experiments/ENCSR605EGR/	ENCSR605EGR	ATAC-seq	ATAC-seq				Homo sapiens dendritic cell treated with 100 ng/mL lipopolysaccharide for 30 minutes	dendritic cell	GEO:GSE94200	ATAC-seq	Manuel Garber, UMass	GGR	released	/files/ENCFF864WLQ/,/files/ENCFF811EZO/,/files/ENCFF602SRM/,/files/ENCFF776QKF/,/files/ENCFF449LWW/,/files/ENCFF293UTP/,/files/ENCFF196XLA/,/files/ENCFF174UCJ/,/files/ENCFF497HEQ/,/files/ENCFF008XXR/,/files/ENCFF621ZQY/		ENCBS214CSU	1	1		Homo sapiens	unknown		lipopolysaccharide	CHEBI:16412	100	ng/mL	30	minute						/replicates/4ed64d44-4cbe-4f1d-9ee7-e669db5a319a/				
/experiments/ENCSR237VSF/	ENCSR237VSF	ATAC-seq	ATAC-seq				Homo sapiens dendritic cell treated with lipopolysaccharide	dendritic cell	GEO:GSE94177	ATAC-seq	Manuel Garber, UMass	GGR	released	/files/ENCFF692TFU/,/files/ENCFF932NHC/,/files/ENCFF709UQX/,/files/ENCFF980ZGY/,/files/ENCFF205VUK/,/files/ENCFF698JGH/,/files/ENCFF246VUH/,/files/ENCFF491PHT/,/files/ENCFF524VNU/,/files/ENCFF169KEO/,/files/ENCFF200QXQ/		ENCBS408IRE	1	1		Homo sapiens	unknown		lipopolysaccharide	CHEBI:16412	0	ng/mL	0	hour						/replicates/97cab39c-f40a-4f3e-82db-348ecccbab7d/				
/experiments/ENCSR566LZT/	ENCSR566LZT	ATAC-seq	ATAC-seq				Homo sapiens dendritic cell treated with lipopolysaccharide	dendritic cell	GEO:GSE94196	ATAC-seq	Manuel Garber, UMass	GGR	released	/files/ENCFF491IFC/,/files/ENCFF315MTM/,/files/ENCFF395OQL/,/files/ENCFF336BAC/,/files/ENCFF128JGS/,/files/ENCFF187HFU/,/files/ENCFF200SMM/,/files/ENCFF159RRD/,/files/ENCFF163RWK/,/files/ENCFF464GTZ/,/files/ENCFF592FUE/		ENCBS004CRM	1	1		Homo sapiens	unknown		lipopolysaccharide	CHEBI:16412	0	ng/mL	0	hour						/replicates/cc58d6cb-5397-45ca-bcbf-ef637861028b/				
/experiments/ENCSR628SXX/	ENCSR628SXX	ATAC-seq	ATAC-seq				Homo sapiens dendritic cell treated with 100 ng/mL lipopolysaccharide for 2 hours	dendritic cell	GEO:GSE94201	ATAC-seq	Manuel Garber, UMass	GGR	released	/files/ENCFF158EIU/,/files/ENCFF072GQY/,/files/ENCFF489LBZ/,/files/ENCFF882WWI/,/files/ENCFF796SPZ/,/files/ENCFF263VQC/,/files/ENCFF635KHP/,/files/ENCFF469AHR/,/files/ENCFF816KDD/,/files/ENCFF811JAC/,/files/ENCFF614GDX/		ENCBS784GSL	1	1		Homo sapiens	unknown		lipopolysaccharide	CHEBI:16412	100	ng/mL	2	hour						/replicates/7c6928f9-e49d-420c-868c-d2ab0cd8f0f8/				
/experiments/ENCSR648JJT/	ENCSR648JJT	ATAC-seq	ATAC-seq				Homo sapiens dendritic cell treated with 100 ng/mL lipopolysaccharide for 30 minutes	dendritic cell	GEO:GSE94202	ATAC-seq	Manuel Garber, UMass	GGR	released	/files/ENCFF547LGZ/,/files/ENCFF889PEO/,/files/ENCFF992SOZ/,/files/ENCFF544EIO/,/files/ENCFF174USA/,/files/ENCFF408SOR/,/files/ENCFF649JWH/,/files/ENCFF893VFX/,/files/ENCFF928HHI/,/files/ENCFF242ZHJ/,/files/ENCFF597FGW/		ENCBS214CSU	1	1		Homo sapiens	unknown		lipopolysaccharide	CHEBI:16412	100	ng/mL	30	minute						/replicates/a46c5d3c-bca4-4edb-8740-2a8dc06a0a2d/				
/experiments/ENCSR901IEQ/	ENCSR901IEQ	ATAC-seq	ATAC-seq				Homo sapiens dendritic cell treated with 100 ng/mL lipopolysaccharide for 4 hours	dendritic cell	GEO:GSE94216	ATAC-seq	Manuel Garber, UMass	GGR	released	/files/ENCFF525LKP/,/files/ENCFF272DPK/,/files/ENCFF209ETU/,/files/ENCFF019SPZ/,/files/ENCFF134PRX/,/files/ENCFF292DTL/,/files/ENCFF837GDZ/,/files/ENCFF497YGE/,/files/ENCFF772MVF/,/files/ENCFF942TII/,/files/ENCFF362ACP/		ENCBS144RZK	1	1		Homo sapiens	unknown		lipopolysaccharide	CHEBI:16412	100	ng/mL	4	hour						/replicates/99611216-b73d-420b-9032-9203e69a4eef/				
/experiments/ENCSR329XFZ/	ENCSR329XFZ	ATAC-seq	ATAC-seq				Homo sapiens dendritic cell treated with 100 ng/mL lipopolysaccharide for 30 minutes	dendritic cell	GEO:GSE94179	ATAC-seq	Manuel Garber, UMass	GGR	released	/files/ENCFF395GJQ/,/files/ENCFF543XVG/,/files/ENCFF012ZST/,/files/ENCFF674TAF/,/files/ENCFF642OTI/,/files/ENCFF393SRG/,/files/ENCFF350PMA/,/files/ENCFF633NCU/,/files/ENCFF825OGP/,/files/ENCFF369AAJ/,/files/ENCFF264XMH/		ENCBS580DMI	1	1		Homo sapiens	unknown		lipopolysaccharide	CHEBI:16412	100	ng/mL	30	minute						/replicates/5181b5e2-357a-47f1-b44a-557be02b4881/				
/experiments/ENCSR926GDT/	ENCSR926GDT	ATAC-seq	ATAC-seq				Homo sapiens dendritic cell treated with 100 ng/mL lipopolysaccharide for 4 hours	dendritic cell	GEO:GSE94219	ATAC-seq	Manuel Garber, UMass	GGR	released	/files/ENCFF648IID/,/files/ENCFF927OET/,/files/ENCFF373GDF/,/files/ENCFF831PZH/,/files/ENCFF145UCZ/,/files/ENCFF631ZXT/,/files/ENCFF943JEC/,/files/ENCFF123WIQ/,/files/ENCFF166WFS/,/files/ENCFF729DET/,/files/ENCFF360UES/		ENCBS466HYD	1	1		Homo sapiens	unknown		lipopolysaccharide	CHEBI:16412	100	ng/mL	4	hour						/replicates/adab8dfd-a406-4919-9930-2b141ecd4b2b/				
/experiments/ENCSR370QWN/	ENCSR370QWN	ATAC-seq	ATAC-seq				Homo sapiens dendritic cell treated with lipopolysaccharide	dendritic cell	GEO:GSE94182	ATAC-seq	Manuel Garber, UMass	GGR	released	/files/ENCFF893KQZ/,/files/ENCFF443HVZ/,/files/ENCFF290DRN/,/files/ENCFF626TBC/,/files/ENCFF752ELE/,/files/ENCFF108OXE/,/files/ENCFF136TGQ/,/files/ENCFF861VWY/,/files/ENCFF427AES/,/files/ENCFF500AIY/,/files/ENCFF086OSG/		ENCBS770SDC	1	1		Homo sapiens	unknown		lipopolysaccharide	CHEBI:16412	0	ng/mL	0	hour						/replicates/51623b6f-3067-4231-ab03-712d6091eda3/				
/experiments/ENCSR059IHA/	ENCSR059IHA	ATAC-seq	ATAC-seq				Homo sapiens dendritic cell treated with 100 ng/mL lipopolysaccharide for 30 minutes	dendritic cell	GEO:GSE94163	ATAC-seq	Manuel Garber, UMass	GGR	released	/files/ENCFF608JIC/,/files/ENCFF437RPD/,/files/ENCFF792ATP/,/files/ENCFF958KJD/,/files/ENCFF133FUW/,/files/ENCFF957CGS/,/files/ENCFF217FGC/,/files/ENCFF559CCG/,/files/ENCFF257LMZ/,/files/ENCFF161GLG/,/files/ENCFF744MSC/		ENCBS550GVG	1	1		Homo sapiens	unknown		lipopolysaccharide	CHEBI:16412	100	ng/mL	30	minute						/replicates/3aad0349-7ad5-41d6-9340-759f269195b1/				
/experiments/ENCSR208NBF/	ENCSR208NBF	ATAC-seq	ATAC-seq				Homo sapiens dendritic cell treated with 100 ng/mL lipopolysaccharide for 2 hours	dendritic cell	GEO:GSE94174	ATAC-seq	Manuel Garber, UMass	GGR	released	/files/ENCFF847GIG/,/files/ENCFF062BFO/,/files/ENCFF620DOA/,/files/ENCFF702ODM/,/files/ENCFF345KSM/,/files/ENCFF806LAQ/,/files/ENCFF591TRF/,/files/ENCFF186WKY/,/files/ENCFF539SCL/,/files/ENCFF492DSN/,/files/ENCFF889OLK/		ENCBS360WKF	1	1		Homo sapiens	unknown		lipopolysaccharide	CHEBI:16412	100	ng/mL	2	hour						/replicates/156ec994-ec46-424a-8985-c1d7ad03bb51/				
/experiments/ENCSR904UKR/	ENCSR904UKR	ATAC-seq	ATAC-seq				Homo sapiens dendritic cell treated with 100 ng/mL lipopolysaccharide for 6 hours	dendritic cell	GEO:GSE94217	ATAC-seq	Manuel Garber, UMass	GGR	released	/files/ENCFF827RUE/,/files/ENCFF364YRE/,/files/ENCFF343AAR/,/files/ENCFF167GVL/,/files/ENCFF646ZGY/,/files/ENCFF430TYY/,/files/ENCFF515SJI/,/files/ENCFF515XVD/,/files/ENCFF873RWI/,/files/ENCFF819QUA/,/files/ENCFF590EOC/		ENCBS387MRC	1	1		Homo sapiens	unknown		lipopolysaccharide	CHEBI:16412	100	ng/mL	6	hour						/replicates/db38edac-8608-4758-9fb2-622f1bc7040a/				
/experiments/ENCSR156FDX/	ENCSR156FDX	ATAC-seq	ATAC-seq				Homo sapiens dendritic cell treated with 100 ng/mL lipopolysaccharide for 30 minutes	dendritic cell	GEO:GSE94170	ATAC-seq	Manuel Garber, UMass	GGR	released	/files/ENCFF954AIA/,/files/ENCFF039BMZ/,/files/ENCFF623AKQ/,/files/ENCFF658DJG/,/files/ENCFF721JTG/,/files/ENCFF278TVY/,/files/ENCFF145UGV/,/files/ENCFF157SUC/,/files/ENCFF893SPF/,/files/ENCFF435DRC/,/files/ENCFF240PGI/		ENCBS271EMZ	1	1		Homo sapiens	unknown		lipopolysaccharide	CHEBI:16412	100	ng/mL	30	minute						/replicates/41deea46-e34f-439b-9494-d4fadb9a7f96/				
/experiments/ENCSR222SCA/	ENCSR222SCA	ATAC-seq	ATAC-seq				Homo sapiens dendritic cell treated with 100 ng/mL lipopolysaccharide for 4 hours	dendritic cell	GEO:GSE94175	ATAC-seq	Manuel Garber, UMass	GGR	released	/files/ENCFF562JHD/,/files/ENCFF943SYH/,/files/ENCFF282YMU/,/files/ENCFF975OQK/,/files/ENCFF600EPS/,/files/ENCFF565BTL/,/files/ENCFF640TGL/,/files/ENCFF402MWZ/,/files/ENCFF195JHT/,/files/ENCFF412RKE/,/files/ENCFF305NDX/		ENCBS268SOT	1	1		Homo sapiens	unknown		lipopolysaccharide	CHEBI:16412	100	ng/mL	4	hour						/replicates/6df12e88-4a7e-4e5a-bcec-7f6951534002/				
/experiments/ENCSR065CER/	ENCSR065CER	ATAC-seq	ATAC-seq				Homo sapiens from a donor with amyotrophic lateral sclerosis; motor neuron	motor neuron	GEO:GSE187257		Michael Snyder, Stanford	ENCODE	released	/files/ENCFF500PEM/,/files/ENCFF863VEL/,/files/ENCFF974XTQ/,/files/ENCFF199OKA/,/files/ENCFF039TZO/,/files/ENCFF020RRO/,/files/ENCFF834UHD/,/files/ENCFF896PIT/,/files/ENCFF638BYJ/,/files/ENCFF144MVO/,/files/ENCFF090OOO/,/files/ENCFF098WTO/,/files/ENCFF255TOK/,/files/ENCFF261NCO/,/files/ENCFF507LTC/,/files/ENCFF012JQL/,/files/ENCFF209QBB/,/files/ENCFF931WCX/,/files/ENCFF057WBV/,/files/ENCFF603WTD/,/files/ENCFF751CTY/,/files/ENCFF732ZAH/,/files/ENCFF156VPP/,/files/ENCFF357RVY/,/files/ENCFF571FDO/,/files/ENCFF450FBH/,/files/ENCFF859HGY/,/files/ENCFF130MPY/,/files/ENCFF790YWY/,/files/ENCFF152JJQ/,/files/ENCFF068UPY/,/files/ENCFF630PMW/,/files/ENCFF925GAP/,/files/ENCFF044BKB/		ENCBS980NQQ,ENCBS855DRG	2,1	1		Homo sapiens	adult	49 years												/replicates/1b732d86-9a13-474e-8c11-4a10ad1ef0d9/,/replicates/6d5ec762-1b24-41d5-8256-02baf84cbbad/				
/experiments/ENCSR459PVP/	ENCSR459PVP	ATAC-seq	ATAC-seq				Homo sapiens from a donor with amyotrophic lateral sclerosis; motor neuron	motor neuron	GEO:GSE187876		Michael Snyder, Stanford	ENCODE	released	/files/ENCFF354OPV/,/files/ENCFF839JKY/,/files/ENCFF371YST/,/files/ENCFF030KAZ/,/files/ENCFF742KHO/,/files/ENCFF418DQM/,/files/ENCFF676VPZ/,/files/ENCFF243CTN/,/files/ENCFF468JXD/,/files/ENCFF323ZGS/,/files/ENCFF826WEN/,/files/ENCFF780NKU/,/files/ENCFF897LOL/,/files/ENCFF219DHL/,/files/ENCFF418DQI/,/files/ENCFF746YCI/,/files/ENCFF103RQS/,/files/ENCFF610AKB/,/files/ENCFF452NDX/,/files/ENCFF130ZFF/,/files/ENCFF854ILG/,/files/ENCFF901TRI/,/files/ENCFF604VEC/,/files/ENCFF637DZY/,/files/ENCFF930DQM/,/files/ENCFF495VYA/,/files/ENCFF171FJC/,/files/ENCFF363WOY/,/files/ENCFF320VOC/,/files/ENCFF798WMM/,/files/ENCFF547FSI/,/files/ENCFF951DOQ/,/files/ENCFF930EQT/,/files/ENCFF174BYI/		ENCBS584TFX,ENCBS716FYZ	1,2	1		Homo sapiens	adult	55 years												/replicates/76873ed7-0d3b-43c9-8311-fdd73a038211/,/replicates/c3239150-cf23-4336-87af-1a2b9e0b9476/				
/experiments/ENCSR812ZKP/	ENCSR812ZKP	ATAC-seq	ATAC-seq				Homo sapiens from a donor with amyotrophic lateral sclerosis; motor neuron	motor neuron	GEO:GSE188037		Michael Snyder, Stanford	ENCODE	released	/files/ENCFF333UUT/,/files/ENCFF379GTS/,/files/ENCFF359LXB/,/files/ENCFF620QYO/,/files/ENCFF577GPG/,/files/ENCFF657SKW/,/files/ENCFF643YFW/,/files/ENCFF877SUF/,/files/ENCFF332XUZ/,/files/ENCFF124SPE/,/files/ENCFF432VON/,/files/ENCFF794WKO/,/files/ENCFF553KVP/,/files/ENCFF544TVP/,/files/ENCFF310ZUX/,/files/ENCFF317AGI/,/files/ENCFF616FMC/,/files/ENCFF393DWI/,/files/ENCFF330SSF/,/files/ENCFF761OAF/,/files/ENCFF290SSQ/,/files/ENCFF737GXV/,/files/ENCFF608XBW/,/files/ENCFF742DCI/,/files/ENCFF337ECR/,/files/ENCFF458HMI/,/files/ENCFF540URS/,/files/ENCFF467CRP/,/files/ENCFF092VZU/,/files/ENCFF903JJQ/,/files/ENCFF325MSG/,/files/ENCFF917ENG/,/files/ENCFF594FVI/,/files/ENCFF521EBT/		ENCBS919RDK,ENCBS827VAK	1,2	1		Homo sapiens	adult	49 years												/replicates/a5b4fe20-e4c2-4074-ae9c-3664e48cff31/,/replicates/ef9db2f6-9b4f-4c5e-9486-d8b37a506374/				
/experiments/ENCSR410DWV/	ENCSR410DWV	ATAC-seq	ATAC-seq				Homo sapiens from a donor with amyotrophic lateral sclerosis; motor neuron	motor neuron	GEO:GSE187462		Michael Snyder, Stanford	ENCODE	released	/files/ENCFF427WCB/,/files/ENCFF849GEO/,/files/ENCFF093YBW/,/files/ENCFF323KMY/,/files/ENCFF301JGL/,/files/ENCFF333QQI/,/files/ENCFF325HTH/,/files/ENCFF565PHE/,/files/ENCFF505QJC/,/files/ENCFF516EXA/,/files/ENCFF628IGU/,/files/ENCFF789NRH/,/files/ENCFF312FFZ/,/files/ENCFF794FOV/,/files/ENCFF721NVE/,/files/ENCFF576QGF/,/files/ENCFF345PTN/,/files/ENCFF241ZER/,/files/ENCFF382API/,/files/ENCFF794PRL/,/files/ENCFF638TCZ/,/files/ENCFF273ZSS/,/files/ENCFF133NSM/,/files/ENCFF528NRN/,/files/ENCFF849WAS/,/files/ENCFF182TET/,/files/ENCFF843XMO/,/files/ENCFF193WZE/,/files/ENCFF480ASG/,/files/ENCFF896SPE/,/files/ENCFF347BUJ/,/files/ENCFF610SOB/,/files/ENCFF759JQY/,/files/ENCFF611YSQ/		ENCBS435KUD,ENCBS942UWC	2,1	1		Homo sapiens	child	6 years												/replicates/16cd6bbc-5cd6-4ca4-9c42-f2fea8456a3e/,/replicates/e3102463-fa54-48dd-ad72-b1a34008eb76/				
/experiments/ENCSR634WYX/	ENCSR634WYX	ATAC-seq	ATAC-seq				Homo sapiens from a donor with amyotrophic lateral sclerosis; motor neuron	motor neuron	GEO:GSE187695		Michael Snyder, Stanford	ENCODE	released	/files/ENCFF561ODM/,/files/ENCFF974RWU/,/files/ENCFF965FTN/,/files/ENCFF999QQO/,/files/ENCFF533QGC/,/files/ENCFF869TLY/,/files/ENCFF104QTD/,/files/ENCFF243WIM/,/files/ENCFF327WJI/,/files/ENCFF539CAZ/,/files/ENCFF009AKO/,/files/ENCFF314CSE/,/files/ENCFF279CUU/,/files/ENCFF494SLX/,/files/ENCFF786BZU/,/files/ENCFF773UIZ/,/files/ENCFF079ETH/,/files/ENCFF418IFJ/,/files/ENCFF624HXP/,/files/ENCFF043JFJ/,/files/ENCFF787IVV/,/files/ENCFF275SWZ/,/files/ENCFF157BDU/,/files/ENCFF593NWI/,/files/ENCFF767NTY/,/files/ENCFF881LWU/,/files/ENCFF957FAH/,/files/ENCFF963AUY/,/files/ENCFF516PHV/,/files/ENCFF735HVS/,/files/ENCFF463XCZ/,/files/ENCFF766KSP/,/files/ENCFF675JYR/,/files/ENCFF305GXR/		ENCBS545YIS,ENCBS309GBV	2,1	1		Homo sapiens	adult	47 years												/replicates/bc819ed6-fb4e-41bb-8eac-552d3afa65f1/,/replicates/bc94a548-7816-47e6-a097-843cde4ae640/				
/experiments/ENCSR131HOY/	ENCSR131HOY	ATAC-seq	ATAC-seq				Homo sapiens from a donor with amyotrophic lateral sclerosis; motor neuron	motor neuron	GEO:GSE187084		Michael Snyder, Stanford	ENCODE	released	/files/ENCFF631LOV/,/files/ENCFF571HHD/,/files/ENCFF387GNX/,/files/ENCFF275GRM/,/files/ENCFF739XGP/,/files/ENCFF981GHK/,/files/ENCFF241LZW/,/files/ENCFF639USC/,/files/ENCFF234RAY/,/files/ENCFF102VXR/,/files/ENCFF347EQI/,/files/ENCFF576NKA/,/files/ENCFF200QMT/,/files/ENCFF011GVM/,/files/ENCFF046NFU/,/files/ENCFF632QIA/,/files/ENCFF553VTJ/,/files/ENCFF876NFZ/,/files/ENCFF171ZEN/,/files/ENCFF651BQK/,/files/ENCFF093MXZ/,/files/ENCFF017BVG/,/files/ENCFF952ZCX/,/files/ENCFF007DAJ/,/files/ENCFF770MIQ/,/files/ENCFF397RXD/,/files/ENCFF065HGO/,/files/ENCFF400AZJ/,/files/ENCFF850VWU/,/files/ENCFF007WHD/,/files/ENCFF507JST/,/files/ENCFF497ACM/,/files/ENCFF458IUI/,/files/ENCFF767NEK/		ENCBS927HHK,ENCBS460SWY	2,1	1		Homo sapiens	adult													/replicates/eadd4e87-4bf8-4b22-a752-96ccecd6dcb5/,/replicates/ecb74742-3ddd-4860-801c-cf5b2ebd5c81/				
/experiments/ENCSR516YAD/	ENCSR516YAD	ATAC-seq	ATAC-seq				Homo sapiens from a donor with amyotrophic lateral sclerosis; motor neuron	motor neuron	GEO:GSE187543		Michael Snyder, Stanford	ENCODE	released	/files/ENCFF884SWM/,/files/ENCFF939UFB/,/files/ENCFF438MVQ/,/files/ENCFF870HTI/,/files/ENCFF966BAX/,/files/ENCFF932QEB/,/files/ENCFF815CJM/,/files/ENCFF728QWH/,/files/ENCFF268ZQS/,/files/ENCFF406VIN/,/files/ENCFF373JUK/,/files/ENCFF138ZLO/,/files/ENCFF993QQY/,/files/ENCFF126IEO/,/files/ENCFF147LPH/,/files/ENCFF542DDM/,/files/ENCFF920UAC/,/files/ENCFF367KMY/,/files/ENCFF065CIN/,/files/ENCFF330ZVA/,/files/ENCFF193PGD/,/files/ENCFF177WUV/,/files/ENCFF388XBG/,/files/ENCFF209PYO/,/files/ENCFF787DQP/,/files/ENCFF487TPJ/,/files/ENCFF584BVH/,/files/ENCFF350WTM/,/files/ENCFF032UMX/,/files/ENCFF143QYR/,/files/ENCFF806DTG/,/files/ENCFF415HUA/,/files/ENCFF366KGZ/,/files/ENCFF010UWZ/		ENCBS038RNY,ENCBS238JUI	2,1	1		Homo sapiens	adult	47 years												/replicates/6683d5a6-b1ca-4b51-93ef-b584d5ca2792/,/replicates/24a91344-4952-41f1-87d5-8c67063a9670/				
/experiments/ENCSR709QRD/	ENCSR709QRD	ATAC-seq	ATAC-seq				Homo sapiens from a donor with amyotrophic lateral sclerosis; motor neuron	motor neuron	GEO:GSE187790		Michael Snyder, Stanford	ENCODE	released	/files/ENCFF344XTT/,/files/ENCFF626OUD/,/files/ENCFF729BQI/,/files/ENCFF077XIA/,/files/ENCFF827VUC/,/files/ENCFF543PUS/,/files/ENCFF153JMK/,/files/ENCFF791WFR/,/files/ENCFF010FOR/,/files/ENCFF501CEQ/,/files/ENCFF440REU/,/files/ENCFF955ZET/,/files/ENCFF219UXT/,/files/ENCFF061TIM/,/files/ENCFF419LSP/,/files/ENCFF879JDI/,/files/ENCFF167STB/,/files/ENCFF577AHL/,/files/ENCFF559VAG/,/files/ENCFF253WVK/,/files/ENCFF820HEW/,/files/ENCFF733AZN/,/files/ENCFF973MQZ/,/files/ENCFF867VTK/,/files/ENCFF828BIU/,/files/ENCFF042CUG/,/files/ENCFF471CTB/,/files/ENCFF980CDL/,/files/ENCFF002RUK/,/files/ENCFF592LGY/,/files/ENCFF047QTE/,/files/ENCFF480XXJ/,/files/ENCFF153VLY/,/files/ENCFF954FKR/		ENCBS152AIM,ENCBS733MQS	2,1	1		Homo sapiens	adult													/replicates/38630e73-d439-4307-988f-887ddced7e28/,/replicates/e6000056-5cd4-48eb-8892-6e0f89a9c980/				
/experiments/ENCSR913OWV/	ENCSR913OWV	ATAC-seq	ATAC-seq				Homo sapiens from a donor with amyotrophic lateral sclerosis; motor neuron	motor neuron	GEO:GSE188100		Michael Snyder, Stanford	ENCODE	released	/files/ENCFF347SHR/,/files/ENCFF671QMH/,/files/ENCFF542CXX/,/files/ENCFF626PBT/,/files/ENCFF344OPL/,/files/ENCFF392ECP/,/files/ENCFF808UAJ/,/files/ENCFF281OEP/,/files/ENCFF038ZWH/,/files/ENCFF320APJ/,/files/ENCFF405PFS/,/files/ENCFF978SOV/,/files/ENCFF557DAQ/,/files/ENCFF340UWN/,/files/ENCFF396SDI/,/files/ENCFF874HWI/,/files/ENCFF870LIP/,/files/ENCFF154VYR/,/files/ENCFF450OPR/,/files/ENCFF418YUG/,/files/ENCFF753WLK/,/files/ENCFF315LZD/,/files/ENCFF082JVW/,/files/ENCFF488VAX/,/files/ENCFF252ABQ/,/files/ENCFF052TGW/,/files/ENCFF694OHQ/,/files/ENCFF239KWZ/,/files/ENCFF635LKI/,/files/ENCFF745DNS/,/files/ENCFF119RLU/,/files/ENCFF201ZDJ/,/files/ENCFF008ECD/,/files/ENCFF228LXZ/		ENCBS259EPB,ENCBS346LNG	1,2	1		Homo sapiens	adult	55 years												/replicates/41e982c3-4b30-4b1d-8e80-1f75f8ce421c/,/replicates/61519da2-57b2-4851-bed1-b8490295343f/				
/experiments/ENCSR704VZY/	ENCSR704VZY	ATAC-seq	ATAC-seq				Homo sapiens from a donor with amyotrophic lateral sclerosis; motor neuron	motor neuron	GEO:GSE187737		Michael Snyder, Stanford	ENCODE	released	/files/ENCFF562NRW/,/files/ENCFF003LEJ/,/files/ENCFF904SBR/,/files/ENCFF746MNC/,/files/ENCFF366LPB/,/files/ENCFF376USQ/,/files/ENCFF371PXK/,/files/ENCFF526ZCC/,/files/ENCFF651TYQ/,/files/ENCFF233NUI/,/files/ENCFF788EHA/,/files/ENCFF898FSV/,/files/ENCFF937RTJ/,/files/ENCFF354UIT/,/files/ENCFF937YIT/,/files/ENCFF804ZLB/,/files/ENCFF367LFC/,/files/ENCFF975MVA/,/files/ENCFF577CYP/,/files/ENCFF353HIF/,/files/ENCFF784GHR/,/files/ENCFF475DSX/,/files/ENCFF647NPA/,/files/ENCFF046EPY/,/files/ENCFF632FHO/,/files/ENCFF757GKG/,/files/ENCFF773SBW/,/files/ENCFF801WKD/,/files/ENCFF228KGZ/,/files/ENCFF487GKW/,/files/ENCFF399RHY/,/files/ENCFF535SEI/,/files/ENCFF880BST/,/files/ENCFF118DMT/		ENCBS409BIE,ENCBS182GDQ	1,2	1		Homo sapiens	child	6 years												/replicates/5cfc556d-4386-4134-8df7-8532cccbcab2/,/replicates/2adad8dd-9011-4d8e-b64c-07d4f2fab6b6/				
